model,split,class,precision,recall,f1,support
logistic_regression,validation,0,0.9844635528630057,0.6951152200910722,0.8148657392429635,14494
logistic_regression,validation,1,0.12471655328798185,0.7415730337078652,0.21352313167259787,445
logistic_regression,validation,2,0.5275862068965518,0.7927461139896373,0.6335403726708074,1158
logistic_regression,validation,3,0.08333333333333333,0.90625,0.15263157894736842,128
logistic_regression,validation,4,0.7891927951967979,0.9199066874027994,0.8495511669658887,1286
logistic_regression,test,0,0.9804613935969868,0.6896456562534496,0.8097336530360961,18118
logistic_regression,test,1,0.11434390456793715,0.7068345323741008,0.19684447783621337,556
logistic_regression,test,2,0.5258741258741259,0.7790055248618785,0.6278875591427776,1448
logistic_regression,test,3,0.08386350491613649,0.8950617283950617,0.15335801163405605,162
logistic_regression,test,4,0.7909635274904736,0.9036069651741293,0.8435413642960813,1608
linear_svm,validation,0,0.9680835939721354,0.9396301918035049,0.9536447027519082,14494
linear_svm,validation,1,0.4463276836158192,0.3550561797752809,0.3954943679599499,445
linear_svm,validation,2,0.6565977742448331,0.7132987910189983,0.6837748344370861,1158
linear_svm,validation,3,0.21627906976744185,0.7265625,0.3333333333333333,128
linear_svm,validation,4,0.8422555317630264,0.9175738724727839,0.8783029400818757,1286
linear_svm,test,0,0.9653684569092768,0.938514184788608,0.951751931042203,18118
linear_svm,test,1,0.41855203619909503,0.3327338129496403,0.37074148296593185,556
linear_svm,test,2,0.6657946370176586,0.7030386740331491,0.6839099764863957,1448
linear_svm,test,3,0.20665499124343256,0.7283950617283951,0.3219645293315143,162
linear_svm,test,4,0.8392857142857143,0.9060945273631841,0.8714114832535885,1608
random_forest,validation,0,0.9744350758853288,0.9966882848075066,0.9854360653501143,14494
random_forest,validation,1,0.9560439560439561,0.5865168539325842,0.7270194986072424,445
random_forest,validation,2,0.9519408502772643,0.8894645941278065,0.9196428571428571,1158
random_forest,validation,3,0.8969072164948454,0.6796875,0.7733333333333333,128
random_forest,validation,4,0.9902755267423015,0.9502332814930016,0.9698412698412698,1286
random_forest,test,0,0.9705408886027045,0.9982889943702395,0.984219404690646,18118
random_forest,test,1,0.9660493827160493,0.5629496402877698,0.7113636363636363,556
random_forest,test,2,0.9604562737642586,0.8722375690607734,0.9142236699239956,1448
random_forest,test,3,0.8559322033898306,0.6234567901234568,0.7214285714285714,162
random_forest,test,4,0.9966644429619747,0.9291044776119403,0.9616993884776311,1608
xgboost,validation,0,0.9917247386759582,0.9425969366634469,0.9665369649805448,14494
xgboost,validation,1,0.456441717791411,0.8359550561797753,0.5904761904761905,445
xgboost,validation,2,0.8200301204819277,0.9404145077720207,0.8761061946902655,1158
xgboost,validation,3,0.46956521739130436,0.84375,0.6033519553072626,128
xgboost,validation,4,0.9243759177679882,0.97900466562986,0.9509063444108762,1286
xgboost,test,0,0.9886008563823632,0.9429848769179822,0.9652542372881356,18118
xgboost,test,1,0.435793731041456,0.7751798561151079,0.5579288025889968,556
xgboost,test,2,0.8162650602409639,0.9357734806629834,0.8719433719433719,1448
xgboost,test,3,0.4878048780487805,0.8641975308641975,0.623608017817372,162
xgboost,test,4,0.9247311827956989,0.9626865671641791,0.943327239488117,1608
